INSERT INTO community (id, name, adress) VALUES (1, 'Miła', 'Sportowa 1');
INSERT INTO community (id, name, adress) VALUES (2, '500+', 'Grecka 22');
INSERT INTO community (id, name, adress) VALUES (3, 'Rodzina na swoim', 'Zimowa 45');
INSERT INTO community (id, name, adress) VALUES (4, 'Sąsiedzi', 'Krótka 24');
INSERT INTO community (id, name, adress) VALUES (5, 'Zwycięska', 'Zwycięska 2');
INSERT INTO community (id, name, adress) VALUES (6, 'Radosna', 'Sportowa 3');
INSERT INTO community (id, name, adress) VALUES (7, 'Czekoladowa', 'Zielon 23');
INSERT INTO community (id, name, adress) VALUES (8, 'Sąsiadowo', 'Wiosenna 46');
INSERT INTO community (id, name, adress) VALUES (9, 'Sami swoi', 'Długa 8');
INSERT INTO community (id, name, adress) VALUES (10, 'Młodzi w domu', 'Czerwona 4');

INSERT INTO flat (id, number, area, community_id) VALUES (1, 2, 23.4, 10);
INSERT INTO flat (id, number, area, community_id) VALUES (2, 5, 65.2, 1);
INSERT INTO flat (id, number, area, community_id) VALUES (3, 8, 55, 9);
INSERT INTO flat (id, number, area, community_id) VALUES (4, 12, 34.3, 2);
INSERT INTO flat (id, number, area, community_id) VALUES (5, 2, 45, 8);
INSERT INTO flat (id, number, area, community_id) VALUES (6, 2, 23.4, 3);
INSERT INTO flat (id, number, area, community_id) VALUES (7, 5, 65.1, 6);
INSERT INTO flat (id, number, area, community_id) VALUES (8, 7, 55.4, 4);
INSERT INTO flat (id, number, area, community_id) VALUES (9, 13, 31.3, 5);
INSERT INTO flat (id, number, area, community_id) VALUES (10, 2, 45, 7);

INSERT INTO dweller (id, first_name, last_name, gender, flat_id) VALUES (1, 'Jan', 'Kowalski', 'Mężczyzna', 10);
INSERT INTO dweller (id, first_name, last_name, gender, flat_id) VALUES (2, 'Paweł', 'Kwiatek', 'Mężczyzna', 6);
INSERT INTO dweller (id, first_name, last_name, gender, flat_id) VALUES (3, 'Janina', 'Rogacka', 'Kobieta', 1);
INSERT INTO dweller (id, first_name, last_name, gender, flat_id) VALUES (4, 'Anna', 'Iglicka', 'Kobieta', 2);
INSERT INTO dweller (id, first_name, last_name, gender, flat_id) VALUES (5, 'Grzegorz', 'Jankowski', 'Mężczyzna', 5);
INSERT INTO dweller (id, first_name, last_name, gender, flat_id) VALUES (6, 'Rafał', 'Kowalski', 'Mężczyzna', 2);
INSERT INTO dweller (id, first_name, last_name, gender, flat_id) VALUES (7, 'Paweł', 'Rogalski', 'Mężczyzna', 8);
INSERT INTO dweller (id, first_name, last_name, gender, flat_id) VALUES (8, 'Janina', 'Rogacka', 'Kobieta', 1);
INSERT INTO dweller (id, first_name, last_name, gender, flat_id) VALUES (9, 'Anna', 'Iglicka', 'Kobieta', 7);
INSERT INTO dweller (id, first_name, last_name, gender, flat_id) VALUES (10, 'Grzegorz', 'Jankowski', 'Mężczyzna', 4);
INSERT INTO dweller (id, first_name, last_name, gender, flat_id) VALUES (11, 'Jan', 'Kowalski', 'Mężczyzna', 2);
INSERT INTO dweller (id, first_name, last_name, gender, flat_id) VALUES (12, 'Paweł', 'Kwiatek', 'Mężczyzna', 9);
INSERT INTO dweller (id, first_name, last_name, gender, flat_id) VALUES (13, 'Janina', 'Rogacka', 'Kobieta', 1);
INSERT INTO dweller (id, first_name, last_name, gender, flat_id) VALUES (14, 'Anna', 'Iglicka', 'Kobieta', 4);
INSERT INTO dweller (id, first_name, last_name, gender, flat_id) VALUES (15, 'Grzegorz', 'Jankowski', 'Mężczyzna', 3);
INSERT INTO dweller (id, first_name, last_name, gender, flat_id) VALUES (16, 'Jan', 'Kowalski', 'Mężczyzna', 9);
INSERT INTO dweller (id, first_name, last_name, gender, flat_id) VALUES (17, 'Paweł', 'Kwiatek', 'Mężczyzna', 3);
INSERT INTO dweller (id, first_name, last_name, gender, flat_id) VALUES (18, 'Janina', 'Kotowsk', 'Kobieta', 6);
INSERT INTO dweller (id, first_name, last_name, gender, flat_id) VALUES (19, 'Anna', 'Iglicka', 'Kobieta', 3);
INSERT INTO dweller (id, first_name, last_name, gender, flat_id) VALUES (20, 'Grzegorz', 'Jankowski', 'Mężczyzna', 3);
